epoch,time,train/box_loss,train/cls_loss,train/dfl_loss,metrics/precision(B),metrics/recall(B),metrics/mAP50(B),metrics/mAP50-95(B),val/box_loss,val/cls_loss,val/dfl_loss,lr/pg0,lr/pg1,lr/pg2
1,2.8835,0.61656,3.76798,0.81496,0.00333,1,0.25335,0.18342,0.56175,3.38576,0.74872,6e-05,6e-05,6e-05
2,5.32108,0.60124,3.41108,0.85159,0.00333,1,0.54312,0.40617,0.63119,3.29951,0.7488,9.38e-05,9.38e-05,9.38e-05
3,7.70521,0.62837,2.89223,0.89045,0.00333,1,0.65056,0.47534,0.67331,3.26951,0.74695,7.48e-05,7.48e-05,7.48e-05
